date,afghanistan,albania,algeria,andorra,angola,antigua and barbuda,argentina,armenia,australia,austria,azerbaijan,bahamas,bahrain,bangladesh,barbados,belarus,belgium,belize,benin,bhutan,bolivia,bosnia and herzegovina,brazil,brunei,bulgaria,burkina faso,cabo verde,cambodia,cameroon,canada,central african republic,chad,chile,china,colombia,congo (brazzaville),congo (kinshasa),costa rica,cote d'ivoire,croatia,cuba,cyprus,czechia,denmark,diamond princess,djibouti,dominica,dominican republic,ecuador,egypt,el salvador,equatorial guinea,eritrea,estonia,eswatini,ethiopia,fiji,finland,france,gabon,gambia,georgia,germany,ghana,greece,grenada,guatemala,guinea,guinea-bissau,guyana,haiti,holy see,honduras,hungary,iceland,india,indonesia,iran,iraq,ireland,israel,italy,jamaica,japan,jordan,kazakhstan,kenya,"korea, south",kosovo,kuwait,kyrgyzstan,laos,latvia,lebanon,liberia,libya,liechtenstein,lithuania,luxembourg,madagascar,malaysia,maldives,mali,malta,mauritania,mauritius,mexico,moldova,monaco,mongolia,montenegro,morocco,mozambique,namibia,nepal,netherlands,new zealand,nicaragua,niger,nigeria,north macedonia,norway,oman,pakistan,panama,papua new guinea,paraguay,peru,philippines,poland,portugal,qatar,romania,russia,rwanda,saint kitts and nevis,saint lucia,saint vincent and the grenadines,san marino,saudi arabia,senegal,serbia,seychelles,singapore,slovakia,slovenia,somalia,south africa,spain,sri lanka,sudan,suriname,sweden,switzerland,syria,taiwan*,tanzania,thailand,timor-leste,togo,trinidad and tobago,tunisia,turkey,uganda,ukraine,united arab emirates,united kingdom,uruguay,us,uzbekistan,venezuela,vietnam,west bank and gaza,zambia,zimbabwe
12/12/40,3/16/20,3/21/20,3/12/20,3/12/20,3/26/20,3/26/20,3/14/20,3/17/20,1/30/20,3/9/20,3/11/20,3/24/20,3/6/20,3/16/20,3/26/20,3/9/20,2/17/20,3/26/20,3/26/20,3/26/20,3/26/20,3/17/20,3/16/20,3/20/20,3/21/20,3/21/20,3/26/20,2/12/20,3/25/20,2/12/20,3/26/20,3/26/20,3/20/20,1/22/20,3/17/20,3/26/20,3/26/20,3/21/20,3/17/20,3/13/20,3/24/20,3/22/20,3/16/20,3/6/20,2/19/20,3/26/20,3/26/20,3/24/20,3/21/20,2/28/20,3/26/20,3/26/20,3/26/20,3/15/20,3/26/20,3/22/20,3/26/20,2/12/20,2/12/20,3/26/20,3/26/20,3/16/20,2/13/20,3/26/20,3/14/20,3/26/20,3/25/20,3/26/20,3/26/20,3/26/20,3/26/20,3/26/20,3/26/20,3/14/20,3/10/20,2/16/20,3/10/20,2/26/20,3/9/20,3/17/20,2/27/20,2/22/20,3/16/20,1/26/20,3/13/20,3/26/20,3/25/20,2/7/20,3/26/20,3/8/20,3/26/20,3/26/20,3/10/20,3/4/20,3/26/20,3/26/20,3/26/20,3/15/20,3/22/20,3/26/20,2/7/20,3/24/20,3/26/20,3/13/20,3/26/20,3/26/20,3/3/20,3/17/20,3/22/20,3/26/20,3/26/20,3/13/20,3/26/20,3/24/20,2/12/20,3/14/20,3/24/20,3/26/20,3/26/20,3/18/20,3/13/20,3/9/20,2/29/20,3/8/20,3/24/20,3/26/20,3/26/20,3/17/20,2/12/20,3/16/20,3/13/20,3/14/20,3/4/20,2/12/20,3/26/20,3/26/20,3/26/20,3/26/20,3/14/20,3/10/20,3/8/20,3/16/20,3/26/20,2/8/20,3/22/20,3/25/20,3/26/20,3/24/20,2/15/20,2/8/20,3/26/20,3/26/20,3/9/20,3/3/20,3/26/20,2/6/20,3/26/20,1/26/20,3/26/20,3/20/20,3/21/20,3/22/20,3/25/20,3/26/20,3/21/20,2/12/20,2/12/20,3/26/20,2/9/20,3/26/20,3/22/20,2/1/20,3/20/20,3/26/20,3/26/20
1/22/20,0,0,0,0,0,0,0,0,0,0,0,0,0,0,0,0,0,0,0,0,0,0,0,0,0,0,0,0,0,0,0,0,0,28,0,0,0,0,0,0,0,0,0,0,0,0,0,0,0,0,0,0,0,0,0,0,0,0,0,0,0,0,0,0,0,0,0,0,0,0,0,0,0,0,0,0,0,0,0,0,0,0,0,0,0,0,0,0,0,0,0,0,0,0,0,0,0,0,0,0,0,0,0,0,0,0,0,0,0,0,0,0,0,0,0,0,0,0,0,0,0,0,0,0,0,0,0,0,0,0,0,0,0,0,0,0,0,0,0,0,0,0,0,0,0,0,0,0,0,0,0,0,0,0,0,0,0,0,0,0,0,0,0,0,0,0,0,0,0,0,0,0,0,0,0
1/23/20,0,0,0,0,0,0,0,0,0,0,0,0,0,0,0,0,0,0,0,0,0,0,0,0,0,0,0,0,0,0,0,0,0,30,0,0,0,0,0,0,0,0,0,0,0,0,0,0,0,0,0,0,0,0,0,0,0,0,0,0,0,0,0,0,0,0,0,0,0,0,0,0,0,0,0,0,0,0,0,0,0,0,0,0,0,0,0,0,0,0,0,0,0,0,0,0,0,0,0,0,0,0,0,0,0,0,0,0,0,0,0,0,0,0,0,0,0,0,0,0,0,0,0,0,0,0,0,0,0,0,0,0,0,0,0,0,0,0,0,0,0,0,0,0,0,0,0,0,0,0,0,0,0,0,0,0,0,0,0,0,0,0,0,0,0,0,0,0,0,0,0,0,0,0,0
1/24/20,0,0,0,0,0,0,0,0,0,0,0,0,0,0,0,0,0,0,0,0,0,0,0,0,0,0,0,0,0,0,0,0,0,36,0,0,0,0,0,0,0,0,0,0,0,0,0,0,0,0,0,0,0,0,0,0,0,0,0,0,0,0,0,0,0,0,0,0,0,0,0,0,0,0,0,0,0,0,0,0,0,0,0,0,0,0,0,0,0,0,0,0,0,0,0,0,0,0,0,0,0,0,0,0,0,0,0,0,0,0,0,0,0,0,0,0,0,0,0,0,0,0,0,0,0,0,0,0,0,0,0,0,0,0,0,0,0,0,0,0,0,0,0,0,0,0,0,0,0,0,0,0,0,0,0,0,0,0,0,0,0,0,0,0,0,0,0,0,0,0,0,0,0,0,0
1/25/20,0,0,0,0,0,0,0,0,0,0,0,0,0,0,0,0,0,0,0,0,0,0,0,0,0,0,0,0,0,0,0,0,0,39,0,0,0,0,0,0,0,0,0,0,0,0,0,0,0,0,0,0,0,0,0,0,0,0,0,0,0,0,0,0,0,0,0,0,0,0,0,0,0,0,0,0,0,0,0,0,0,0,0,0,0,0,0,0,0,0,0,0,0,0,0,0,0,0,0,0,0,0,0,0,0,0,0,0,0,0,0,0,0,0,0,0,0,0,0,0,0,0,0,0,0,0,0,0,0,0,0,0,0,0,0,0,0,0,0,0,0,0,0,0,0,0,0,0,0,0,0,0,0,0,0,0,0,0,0,0,0,0,0,0,0,0,0,0,0,0,0,0,0,0,0
1/26/20,0,0,0,0,0,0,0,0,0,0,0,0,0,0,0,0,0,0,0,0,0,0,0,0,0,0,0,0,0,0,0,0,0,49,0,0,0,0,0,0,0,0,0,0,0,0,0,0,0,0,0,0,0,0,0,0,0,0,0,0,0,0,0,0,0,0,0,0,0,0,0,0,0,0,0,0,0,0,0,0,0,0,0,1,0,0,0,0,0,0,0,0,0,0,0,0,0,0,0,0,0,0,0,0,0,0,0,0,0,0,0,0,0,0,0,0,0,0,0,0,0,0,0,0,0,0,0,0,0,0,0,0,0,0,0,0,0,0,0,0,0,0,0,0,0,0,0,0,0,0,0,0,0,0,0,0,0,2,0,0,0,0,0,0,0,0,0,0,0,0,0,0,0,0,0
1/27/20,0,0,0,0,0,0,0,0,0,0,0,0,0,0,0,0,0,0,0,0,0,0,0,0,0,0,0,0,0,0,0,0,0,58,0,0,0,0,0,0,0,0,0,0,0,0,0,0,0,0,0,0,0,0,0,0,0,0,0,0,0,0,0,0,0,0,0,0,0,0,0,0,0,0,0,0,0,0,0,0,0,0,0,1,0,0,0,0,0,0,0,0,0,0,0,0,0,0,0,0,0,0,0,0,0,0,0,0,0,0,0,0,0,0,0,0,0,0,0,0,0,0,0,0,0,0,0,0,0,0,0,0,0,0,0,0,0,0,0,0,0,0,0,0,0,0,0,0,0,0,0,0,0,0,0,0,0,2,0,0,0,0,0,0,0,0,0,0,0,0,0,0,0,0,0
1/28/20,0,0,0,0,0,0,0,0,0,0,0,0,0,0,0,0,0,0,0,0,0,0,0,0,0,0,0,0,0,0,0,0,0,101,0,0,0,0,0,0,0,0,0,0,0,0,0,0,0,0,0,0,0,0,0,0,0,0,0,0,0,0,0,0,0,0,0,0,0,0,0,0,0,0,0,0,0,0,0,0,0,0,0,1,0,0,0,0,0,0,0,0,0,0,0,0,0,0,0,0,0,0,0,0,0,0,0,0,0,0,0,0,0,0,0,0,0,0,0,0,0,0,0,0,0,0,0,0,0,0,0,0,0,0,0,0,0,0,0,0,0,0,0,0,0,0,0,0,0,0,0,0,0,0,0,0,0,5,0,0,0,0,0,0,0,0,0,0,0,0,0,0,0,0,0
1/29/20,0,0,0,0,0,0,0,0,0,0,0,0,0,0,0,0,0,0,0,0,0,0,0,0,0,0,0,0,0,0,0,0,0,120,0,0,0,0,0,0,0,0,0,0,0,0,0,0,0,0,0,0,0,0,0,0,0,0,0,0,0,0,0,0,0,0,0,0,0,0,0,0,0,0,0,0,0,0,0,0,0,0,0,1,0,0,0,0,0,0,0,0,0,0,0,0,0,0,0,0,0,0,0,0,0,0,0,0,0,0,0,0,0,0,0,0,0,0,0,0,0,0,0,0,0,0,0,0,0,0,0,0,0,0,0,0,0,0,0,0,0,0,0,0,0,0,0,0,0,0,0,0,0,0,0,0,0,5,0,0,0,0,0,0,0,0,0,0,0,0,0,0,0,0,0
1/30/20,0,0,0,0,0,0,0,0,2,0,0,0,0,0,0,0,0,0,0,0,0,0,0,0,0,0,0,0,0,0,0,0,0,135,0,0,0,0,0,0,0,0,0,0,0,0,0,0,0,0,0,0,0,0,0,0,0,0,0,0,0,0,0,0,0,0,0,0,0,0,0,0,0,0,0,0,0,0,0,0,0,0,0,1,0,0,0,0,0,0,0,0,0,0,0,0,0,0,0,0,0,0,0,0,0,0,0,0,0,0,0,0,0,0,0,0,0,0,0,0,0,0,0,0,0,0,0,0,0,0,0,0,0,0,0,0,0,0,0,0,0,0,0,0,0,0,0,0,0,0,0,0,0,0,0,0,0,5,0,0,0,0,0,0,0,0,0,0,0,0,0,0,0,0,0
1/31/20,0,0,0,0,0,0,0,0,2,0,0,0,0,0,0,0,0,0,0,0,0,0,0,0,0,0,0,0,0,0,0,0,0,214,0,0,0,0,0,0,0,0,0,0,0,0,0,0,0,0,0,0,0,0,0,0,0,0,0,0,0,0,0,0,0,0,0,0,0,0,0,0,0,0,0,0,0,0,0,0,0,0,0,1,0,0,0,0,0,0,0,0,0,0,0,0,0,0,0,0,0,0,0,0,0,0,0,0,0,0,0,0,0,0,0,0,0,0,0,0,0,0,0,0,0,0,0,0,0,0,0,0,0,0,0,0,0,0,0,0,0,0,0,0,0,0,0,0,0,0,0,0,0,0,0,0,0,5,0,0,0,0,0,0,0,0,0,0,0,0,0,0,0,0,0
2/1/20,0,0,0,0,0,0,0,0,2,0,0,0,0,0,0,0,0,0,0,0,0,0,0,0,0,0,0,0,0,0,0,0,0,275,0,0,0,0,0,0,0,0,0,0,0,0,0,0,0,0,0,0,0,0,0,0,0,0,0,0,0,0,0,0,0,0,0,0,0,0,0,0,0,0,0,0,0,0,0,0,0,0,0,1,0,0,0,0,0,0,0,0,0,0,0,0,0,0,0,0,0,0,0,0,0,0,0,0,0,0,0,0,0,0,0,0,0,0,0,0,0,0,0,0,0,0,0,0,0,0,0,0,0,0,0,0,0,0,0,0,0,0,0,0,0,0,0,0,0,0,0,0,0,0,0,0,0,5,0,0,0,0,0,0,0,0,0,0,0,0,0,1,0,0,0
2/2/20,0,0,0,0,0,0,0,0,2,0,0,0,0,0,0,0,0,0,0,0,0,0,0,0,0,0,0,0,0,0,0,0,0,463,0,0,0,0,0,0,0,0,0,0,0,0,0,0,0,0,0,0,0,0,0,0,0,0,0,0,0,0,0,0,0,0,0,0,0,0,0,0,0,0,0,0,0,0,0,0,0,0,0,1,0,0,0,0,0,0,0,0,0,0,0,0,0,0,0,0,0,0,0,0,0,0,0,0,0,0,0,0,0,0,0,0,0,0,0,0,0,0,0,0,0,0,0,0,0,0,0,0,0,0,0,0,0,0,0,0,0,0,0,0,0,0,0,0,0,0,0,0,0,0,0,0,0,5,0,0,0,0,0,0,0,0,0,0,0,0,0,1,0,0,0
2/3/20,0,0,0,0,0,0,0,0,2,0,0,0,0,0,0,0,0,0,0,0,0,0,0,0,0,0,0,0,0,0,0,0,0,614,0,0,0,0,0,0,0,0,0,0,0,0,0,0,0,0,0,0,0,0,0,0,0,0,0,0,0,0,0,0,0,0,0,0,0,0,0,0,0,0,0,0,0,0,0,0,0,0,0,1,0,0,0,0,0,0,0,0,0,0,0,0,0,0,0,0,0,0,0,0,0,0,0,0,0,0,0,0,0,0,0,0,0,0,0,0,0,0,0,0,0,0,0,0,0,0,0,0,0,0,0,0,0,0,0,0,0,0,0,0,0,0,0,0,0,0,0,0,0,0,0,0,0,5,0,0,0,0,0,0,0,0,0,0,0,0,0,1,0,0,0
2/4/20,0,0,0,0,0,0,0,0,2,0,0,0,0,0,0,0,0,0,0,0,0,0,0,0,0,0,0,0,0,0,0,0,0,843,0,0,0,0,0,0,0,0,0,0,0,0,0,0,0,0,0,0,0,0,0,0,0,0,0,0,0,0,0,0,0,0,0,0,0,0,0,0,0,0,0,0,0,0,0,0,0,0,0,1,0,0,0,0,0,0,0,0,0,0,0,0,0,0,0,0,0,0,0,0,0,0,0,0,0,0,0,0,0,0,0,0,0,0,0,0,0,0,0,0,0,0,0,0,0,0,0,0,0,0,0,0,0,0,0,0,0,0,0,0,0,0,0,0,0,0,0,0,0,0,0,0,0,5,0,0,0,0,0,0,0,0,0,0,0,0,0,1,0,0,0
2/5/20,0,0,0,0,0,0,0,0,2,0,0,0,0,0,0,0,0,0,0,0,0,0,0,0,0,0,0,0,0,0,0,0,0,1115,0,0,0,0,0,0,0,0,0,0,0,0,0,0,0,0,0,0,0,0,0,0,0,0,0,0,0,0,0,0,0,0,0,0,0,0,0,0,0,0,0,0,0,0,0,0,0,0,0,1,0,0,0,0,0,0,0,0,0,0,0,0,0,0,0,0,0,0,0,0,0,0,0,0,0,0,0,0,0,0,0,0,0,0,0,0,0,0,0,0,0,0,0,0,0,0,0,0,0,0,0,0,0,0,0,0,0,0,0,0,0,0,0,0,0,0,0,0,0,0,0,0,0,5,0,0,0,0,0,0,0,0,0,0,0,0,0,1,0,0,0
2/6/20,0,0,0,0,0,0,0,0,2,0,0,0,0,0,0,0,0,0,0,0,0,0,0,0,0,0,0,0,0,0,0,0,0,1477,0,0,0,0,0,0,0,0,0,0,0,0,0,0,0,0,0,0,0,0,0,0,0,0,0,0,0,0,0,0,0,0,0,0,0,0,0,0,0,0,0,0,0,0,0,0,0,0,0,1,0,0,0,0,0,0,0,0,0,0,0,0,0,0,0,0,0,0,0,0,0,0,0,0,0,0,0,0,0,0,0,0,0,0,0,0,0,0,0,0,0,0,0,0,0,0,0,0,0,0,0,0,0,0,0,0,0,0,0,0,0,0,0,0,0,0,0,0,0,0,0,1,0,5,0,0,0,0,0,0,0,0,0,0,0,0,0,1,0,0,0
2/7/20,0,0,0,0,0,0,0,0,2,0,0,0,0,0,0,0,0,0,0,0,0,0,0,0,0,0,0,0,0,0,0,0,0,1999,0,0,0,0,0,0,0,0,0,0,0,0,0,0,0,0,0,0,0,0,0,0,0,0,0,0,0,0,0,0,0,0,0,0,0,0,0,0,0,0,0,0,0,0,0,0,0,0,0,1,0,0,0,1,0,0,0,0,0,0,0,0,0,0,0,0,1,0,0,0,0,0,0,0,0,0,0,0,0,0,0,0,0,0,0,0,0,0,0,0,0,0,0,0,0,0,0,0,0,0,0,0,0,0,0,0,0,0,0,0,0,0,0,0,0,0,0,0,0,0,0,1,0,5,0,0,0,0,0,0,0,0,0,0,0,0,0,1,0,0,0
2/8/20,0,0,0,0,0,0,0,0,2,0,0,0,0,0,0,0,0,0,0,0,0,0,0,0,0,0,0,0,0,0,0,0,0,2596,0,0,0,0,0,0,0,0,0,0,0,0,0,0,0,0,0,0,0,0,0,0,0,0,0,0,0,0,0,0,0,0,0,0,0,0,0,0,0,0,0,0,0,0,0,0,0,0,0,1,0,0,0,1,0,0,0,0,0,0,0,0,0,0,0,0,1,0,0,0,0,0,0,0,0,0,0,0,0,0,0,0,0,0,0,0,0,0,0,0,0,0,0,0,0,0,0,0,0,0,0,0,0,0,0,0,0,0,0,2,0,0,0,0,0,1,0,0,0,0,0,1,0,10,0,0,0,0,0,0,0,0,0,0,0,0,0,1,0,0,0
2/9/20,0,0,0,0,0,0,0,0,2,0,0,0,0,0,0,0,0,0,0,0,0,0,0,0,0,0,0,0,0,0,0,0,0,3219,0,0,0,0,0,0,0,0,0,0,0,0,0,0,0,0,0,0,0,0,0,0,0,0,0,0,0,0,0,0,0,0,0,0,0,0,0,0,0,0,0,0,0,0,0,0,0,0,0,1,0,0,0,3,0,0,0,0,0,0,0,0,0,0,0,0,1,0,0,0,0,0,0,0,0,0,0,0,0,0,0,0,0,0,0,0,0,0,0,0,0,0,0,0,0,0,0,0,0,0,0,0,0,0,0,0,0,0,0,2,0,0,0,0,0,1,0,0,0,0,0,1,0,10,0,0,0,0,0,0,0,0,0,0,3,0,0,1,0,0,0
2/10/20,0,0,0,0,0,0,0,0,2,0,0,0,0,0,0,0,0,0,0,0,0,0,0,0,0,0,0,0,0,0,0,0,0,3918,0,0,0,0,0,0,0,0,0,0,0,0,0,0,0,0,0,0,0,0,0,0,0,0,0,0,0,0,0,0,0,0,0,0,0,0,0,0,0,0,0,0,0,0,0,0,0,0,0,4,0,0,0,3,0,0,0,0,0,0,0,0,0,0,0,0,1,0,0,0,0,0,0,0,0,0,0,0,0,0,0,0,0,0,0,0,0,0,0,0,0,0,0,0,0,0,0,0,0,0,0,0,0,0,0,0,0,0,0,2,0,0,0,0,0,1,0,0,0,0,0,1,0,10,0,0,0,0,0,0,0,0,0,0,3,0,0,1,0,0,0
2/11/20,0,0,0,0,0,0,0,0,2,0,0,0,0,0,0,0,0,0,0,0,0,0,0,0,0,0,0,0,0,0,0,0,0,4636,0,0,0,0,0,0,0,0,0,0,0,0,0,0,0,0,0,0,0,0,0,0,0,0,0,0,0,0,0,0,0,0,0,0,0,0,0,0,0,0,0,0,0,0,0,0,0,0,0,9,0,0,0,3,0,0,0,0,0,0,0,0,0,0,0,0,3,0,0,0,0,0,0,0,0,0,0,0,0,0,0,0,0,0,0,0,0,0,0,0,0,0,0,0,0,0,0,0,0,0,0,0,0,0,0,0,0,0,0,9,0,0,0,0,0,1,0,0,0,0,0,1,0,10,0,0,0,0,0,0,0,0,0,0,3,0,0,6,0,0,0
2/12/20,0,0,0,0,0,0,0,0,2,0,0,0,0,0,0,0,0,0,0,0,0,0,0,0,0,0,0,1,0,1,0,0,0,5082,0,0,0,0,0,0,0,0,0,0,0,0,0,0,0,0,0,0,0,0,0,0,0,1,2,0,0,0,0,0,0,0,0,0,0,0,0,0,0,0,0,0,0,0,0,0,0,0,0,9,0,0,0,7,0,0,0,0,0,0,0,0,0,0,0,0,3,0,0,0,0,0,0,0,0,0,0,0,0,0,1,0,0,0,0,0,0,0,0,0,0,0,0,0,1,0,0,0,0,2,0,0,0,0,0,0,0,0,0,15,0,0,0,0,0,1,0,0,0,0,0,1,0,10,0,0,0,0,0,0,0,1,1,0,3,0,0,6,0,0,0
2/13/20,0,0,0,0,0,0,0,0,8,0,0,0,0,0,0,0,0,0,0,0,0,0,0,0,0,0,0,1,0,1,0,0,0,6217,0,0,0,0,0,0,0,0,0,0,0,0,0,0,0,0,0,0,0,0,0,0,0,1,2,0,0,0,1,0,0,0,0,0,0,0,0,0,0,0,0,0,0,0,0,0,0,0,0,9,0,0,0,7,0,0,0,0,0,0,0,0,0,0,0,0,3,0,0,0,0,0,0,0,0,0,0,0,0,0,1,0,0,0,0,0,0,0,0,0,0,0,0,0,1,0,0,0,0,2,0,0,0,0,0,0,0,0,0,15,0,0,0,0,0,1,0,0,0,0,0,1,0,12,0,0,0,0,0,0,0,1,1,0,3,0,0,7,0,0,0
2/14/20,0,0,0,0,0,0,0,0,8,0,0,0,0,0,0,0,0,0,0,0,0,0,0,0,0,0,0,1,0,1,0,0,0,7977,0,0,0,0,0,0,0,0,0,0,0,0,0,0,0,0,0,0,0,0,0,0,0,1,2,0,0,0,1,0,0,0,0,0,0,0,0,0,0,0,0,0,0,0,0,0,0,0,0,9,0,0,0,7,0,0,0,0,0,0,0,0,0,0,0,0,3,0,0,0,0,0,0,0,0,0,0,0,0,0,1,0,0,0,0,0,0,0,0,0,0,0,0,0,1,0,0,0,0,2,0,0,0,0,0,0,0,0,0,17,0,0,0,0,0,1,0,0,0,0,0,2,0,12,0,0,0,0,0,0,0,1,1,0,3,0,0,7,0,0,0
2/15/20,0,0,0,0,0,0,0,0,8,0,0,0,0,0,0,0,0,0,0,0,0,0,0,0,0,0,0,1,0,1,0,0,0,9298,0,0,0,0,0,0,0,0,0,0,0,0,0,0,0,0,0,0,0,0,0,0,0,1,4,0,0,0,1,0,0,0,0,0,0,0,0,0,0,0,0,0,0,0,0,0,0,0,0,12,0,0,0,9,0,0,0,0,0,0,0,0,0,0,0,0,7,0,0,0,0,0,0,0,0,0,0,0,0,0,1,0,0,0,0,0,0,0,0,0,0,0,0,0,1,0,0,0,0,2,0,0,0,0,0,0,0,0,0,18,0,0,0,0,2,1,0,0,0,0,0,2,0,12,0,0,0,0,0,0,0,3,1,0,3,0,0,7,0,0,0
2/16/20,0,0,0,0,0,0,0,0,8,0,0,0,0,0,0,0,0,0,0,0,0,0,0,0,0,0,0,1,0,1,0,0,0,10755,0,0,0,0,0,0,0,0,0,0,0,0,0,0,0,0,0,0,0,0,0,0,0,1,4,0,0,0,1,0,0,0,0,0,0,0,0,0,0,0,0,3,0,0,0,0,0,0,0,12,0,0,0,9,0,0,0,0,0,0,0,0,0,0,0,0,7,0,0,0,0,0,0,0,0,0,0,0,0,0,1,0,0,0,0,0,0,0,0,0,0,0,0,0,1,0,0,0,0,2,0,0,0,0,0,0,0,0,0,18,0,0,0,0,2,1,0,0,0,0,0,2,0,14,0,0,0,0,0,0,0,4,8,0,3,0,0,7,0,0,0
2/17/20,0,0,0,0,0,0,0,0,10,0,0,0,0,0,0,0,1,0,0,0,0,0,0,0,0,0,0,1,0,1,0,0,0,12462,0,0,0,0,0,0,0,0,0,0,0,0,0,0,0,0,0,0,0,0,0,0,0,1,4,0,0,0,1,0,0,0,0,0,0,0,0,0,0,0,0,3,0,0,0,0,0,0,0,12,0,0,0,10,0,0,0,0,0,0,0,0,0,0,0,0,7,0,0,0,0,0,0,0,0,0,0,0,0,0,1,0,0,0,0,0,0,0,0,0,0,0,0,0,1,0,0,0,0,2,0,0,0,0,0,0,0,0,0,24,0,0,0,0,2,1,0,0,0,0,0,2,0,15,0,0,0,0,0,0,0,4,8,0,3,0,0,7,0,0,0
2/18/20,0,0,0,0,0,0,0,0,10,0,0,0,0,0,0,0,1,0,0,0,0,0,0,0,0,0,0,1,0,1,0,0,0,14206,0,0,0,0,0,0,0,0,0,0,0,0,0,0,0,0,0,0,0,0,0,0,0,1,4,0,0,0,12,0,0,0,0,0,0,0,0,0,0,0,0,3,0,0,0,0,0,0,0,13,0,0,0,12,0,0,0,0,0,0,0,0,0,0,0,0,13,0,0,0,0,0,0,0,0,0,0,0,0,0,1,0,0,0,0,0,0,0,0,0,0,0,0,0,1,0,0,0,0,2,0,0,0,0,0,0,0,0,0,29,0,0,0,0,2,1,0,0,0,0,0,2,0,15,0,0,0,0,0,0,0,4,8,0,3,0,0,7,0,0,0
2/19/20,0,0,0,0,0,0,0,0,10,0,0,0,0,0,0,0,1,0,0,0,0,0,0,0,0,0,0,1,0,1,0,0,0,15962,0,0,0,0,0,0,0,0,0,0,1,0,0,0,0,0,0,0,0,0,0,0,0,1,4,0,0,0,12,0,0,0,0,0,0,0,0,0,0,0,0,3,0,0,0,0,0,0,0,18,0,0,0,12,0,0,0,0,0,0,0,0,0,0,0,0,15,0,0,0,0,0,0,0,0,0,0,0,0,0,1,0,0,0,0,0,0,0,0,0,0,0,0,0,1,0,0,0,0,2,0,0,0,0,0,0,0,0,0,34,0,0,0,0,2,1,0,0,0,0,0,2,0,15,0,0,0,0,0,0,0,4,8,0,3,0,0,7,0,0,0
2/20/20,0,0,0,0,0,0,0,0,10,0,0,0,0,0,0,0,1,0,0,0,0,0,0,0,0,0,0,1,0,1,0,0,0,18014,0,0,0,0,0,0,0,0,0,0,1,0,0,0,0,0,0,0,0,0,0,0,0,1,4,0,0,0,12,0,0,0,0,0,0,0,0,0,0,0,0,3,0,0,0,0,0,0,0,18,0,0,0,16,0,0,0,0,0,0,0,0,0,0,0,0,15,0,0,0,0,0,0,0,0,0,0,0,0,0,1,0,0,0,0,0,0,0,0,0,0,0,0,0,1,0,0,0,0,2,0,0,0,0,0,0,0,0,0,34,0,0,0,0,2,1,0,0,0,0,0,2,0,15,0,0,0,0,0,0,0,4,8,0,3,0,0,7,0,0,0
2/21/20,0,0,0,0,0,0,0,0,11,0,0,0,0,0,0,0,1,0,0,0,0,0,0,0,0,0,0,1,0,3,0,0,0,18704,0,0,0,0,0,0,0,0,0,0,1,0,0,0,0,0,0,0,0,0,0,0,0,1,4,0,0,0,14,0,0,0,0,0,0,0,0,0,0,0,0,3,0,0,0,0,0,0,0,22,0,0,0,16,0,0,0,0,0,0,0,0,0,0,0,0,15,0,0,0,0,0,0,0,0,0,0,0,0,0,1,0,0,0,0,0,0,0,0,0,0,0,0,0,1,0,0,0,0,2,0,0,0,0,0,0,0,0,0,37,0,0,0,0,2,1,0,0,0,0,0,2,0,17,0,0,0,0,0,0,0,4,8,0,5,0,0,14,0,0,0
2/22/20,0,0,0,0,0,0,0,0,11,0,0,0,0,0,0,0,1,0,0,0,0,0,0,0,0,0,0,1,0,3,0,0,0,22699,0,0,0,0,0,0,0,0,0,0,1,0,0,0,0,0,0,0,0,0,0,0,0,1,4,0,0,0,14,0,0,0,0,0,0,0,0,0,0,0,0,3,0,0,0,0,0,1,0,22,0,0,0,16,0,0,0,0,0,0,0,0,0,0,0,0,15,0,0,0,0,0,0,0,0,0,0,0,0,0,1,0,0,0,0,0,0,0,0,0,0,0,0,0,1,0,0,0,0,2,0,0,0,0,0,0,0,0,0,37,0,0,0,0,2,1,0,0,0,0,0,2,0,17,0,0,0,0,0,0,0,4,8,0,5,0,0,14,0,0,0
2/23/20,0,0,0,0,0,0,0,0,11,0,0,0,0,0,0,0,1,0,0,0,0,0,0,0,0,0,0,1,0,3,0,0,0,23187,0,0,0,0,0,0,0,0,0,0,0,0,0,0,0,0,0,0,0,0,0,0,0,1,4,0,0,0,14,0,0,0,0,0,0,0,0,0,0,0,0,3,0,0,0,0,0,2,0,22,0,0,0,18,0,0,0,0,0,0,0,0,0,0,0,0,15,0,0,0,0,0,0,0,0,0,0,0,0,0,1,0,0,0,0,0,0,0,0,0,0,0,0,0,1,0,0,0,0,2,0,0,0,0,0,0,0,0,0,51,0,0,0,0,2,1,0,0,0,0,0,2,0,21,0,0,0,0,0,0,0,4,8,0,5,0,0,14,0,0,0
2/24/20,0,0,0,0,0,0,0,0,11,0,0,0,0,0,0,0,1,0,0,0,0,0,0,0,0,0,0,1,0,3,0,0,0,25015,0,0,0,0,0,0,0,0,0,0,0,0,0,0,0,0,0,0,0,0,0,0,0,1,4,0,0,0,14,0,0,0,0,0,0,0,0,0,0,0,0,3,0,0,0,0,0,1,0,22,0,0,0,18,0,0,0,0,0,0,0,0,0,0,0,0,18,0,0,0,0,0,0,0,0,0,0,0,0,0,1,0,0,0,0,0,0,0,0,0,0,0,0,0,1,0,0,0,0,2,0,0,0,0,0,0,0,0,0,51,0,0,0,0,2,1,0,0,0,0,0,5,0,21,0,0,0,0,0,0,0,4,8,0,5,0,0,14,0,0,0
2/25/20,0,0,0,0,0,0,0,0,11,0,0,0,0,0,0,0,1,0,0,0,0,0,0,0,0,0,0,1,0,3,0,0,0,27676,0,0,0,0,0,0,0,0,0,0,0,0,0,0,0,0,0,0,0,0,0,0,0,1,11,0,0,0,14,0,0,0,0,0,0,0,0,0,0,0,0,3,0,0,0,0,0,1,0,22,0,0,0,22,0,0,0,0,0,0,0,0,0,0,0,0,18,0,0,0,0,0,0,0,0,0,0,0,0,0,1,0,0,0,0,0,0,0,0,0,0,0,0,0,1,0,0,0,0,2,0,0,0,0,0,0,0,0,0,53,0,0,0,0,2,1,0,0,0,0,0,5,0,22,0,0,0,0,0,0,0,4,8,0,6,0,0,16,0,0,0
2/26/20,0,0,0,0,0,0,0,0,11,0,0,0,0,0,0,0,1,0,0,0,0,0,0,0,0,0,0,1,0,3,0,0,0,30084,0,0,0,0,0,0,0,0,0,0,10,0,0,0,0,0,0,0,0,0,0,0,0,1,11,0,0,0,15,0,0,0,0,0,0,0,0,0,0,0,0,3,0,49,0,0,0,3,0,22,0,0,0,22,0,0,0,0,0,0,0,0,0,0,0,0,18,0,0,0,0,0,0,0,0,0,0,0,0,0,1,0,0,0,0,0,0,0,0,0,0,0,0,0,1,0,0,0,0,2,0,0,0,0,0,0,0,0,0,62,0,0,0,0,2,1,0,0,0,0,0,5,0,22,0,0,0,0,0,0,0,4,8,0,6,0,0,16,0,0,0
2/27/20,0,0,0,0,0,0,0,0,11,0,0,0,0,0,0,0,1,0,0,0,0,0,0,0,0,0,0,1,0,6,0,0,0,32930,0,0,0,0,0,0,0,0,0,0,10,0,0,0,0,0,0,0,0,0,0,0,0,1,11,0,0,0,16,0,0,0,0,0,0,0,0,0,0,0,0,3,0,49,0,0,1,45,0,22,0,0,0,22,0,0,0,0,0,0,0,0,0,0,0,0,18,0,0,0,0,0,0,0,0,0,0,0,0,0,1,0,0,0,0,0,0,0,0,0,0,0,0,0,1,0,0,0,0,2,0,0,0,0,0,0,0,0,0,62,0,0,0,0,2,1,0,0,0,0,0,5,0,22,0,0,0,0,0,0,0,4,8,0,6,0,0,16,0,0,0
2/28/20,0,0,0,0,0,0,0,0,11,0,0,0,0,0,0,0,1,0,0,0,0,0,0,0,0,0,0,1,0,6,0,0,0,36329,0,0,0,0,0,0,0,0,0,0,10,0,0,0,0,1,0,0,0,0,0,0,0,1,11,0,0,0,16,0,0,0,0,0,0,0,0,0,0,0,0,3,0,73,0,0,1,46,0,22,0,0,0,22,0,0,0,0,0,0,0,0,0,0,0,0,18,0,0,0,0,0,0,0,0,0,0,0,0,0,1,0,0,0,0,0,0,0,0,0,0,0,0,0,1,0,0,0,0,2,0,0,0,0,0,0,0,0,0,62,0,0,0,0,2,1,0,0,0,0,0,6,0,28,0,0,0,0,0,0,0,5,8,0,7,0,0,16,0,0,0
2/29/20,0,0,0,0,0,0,0,0,11,0,0,0,0,0,0,0,1,0,0,0,0,0,0,0,0,0,0,1,0,6,0,0,0,39320,0,0,0,0,0,0,0,0,0,0,10,0,0,0,0,1,0,0,0,0,0,0,0,1,12,0,0,0,16,0,0,0,0,0,0,0,0,0,0,0,0,3,0,123,0,0,1,46,0,32,0,0,0,27,0,0,0,0,0,0,0,0,0,0,0,0,18,0,0,0,0,0,0,0,0,0,0,0,0,0,1,0,0,0,0,0,0,0,1,0,0,0,0,0,1,0,0,0,0,2,0,0,0,0,0,0,0,0,0,72,0,0,0,0,2,1,0,0,0,0,0,9,0,28,0,0,0,0,0,0,0,5,8,0,7,0,0,16,0,0,0
3/1/20,0,0,0,0,0,0,0,0,11,0,0,0,0,0,0,0,1,0,0,0,0,0,0,0,0,0,0,1,0,6,0,0,0,42162,0,0,0,0,0,0,0,0,0,0,10,0,0,0,0,1,0,0,0,0,0,0,0,1,12,0,0,0,16,0,0,0,0,0,0,0,0,0,0,0,0,3,0,175,0,0,1,83,0,32,0,0,0,30,0,0,0,0,0,0,0,0,0,0,0,0,18,0,0,0,0,0,0,0,0,0,0,0,0,0,1,0,0,0,0,0,0,0,1,0,0,0,0,0,1,0,0,0,0,2,0,0,0,0,0,0,0,0,0,72,0,0,0,0,2,1,0,0,0,0,0,9,0,28,0,0,0,0,0,0,0,5,8,0,7,0,0,16,0,0,0
3/2/20,0,0,0,0,0,0,0,0,11,0,0,0,0,0,0,0,1,0,0,0,0,0,0,0,0,0,0,1,0,6,0,0,0,44854,0,0,0,0,0,0,0,0,0,0,10,0,0,0,0,1,0,0,0,0,0,0,0,1,12,0,0,0,16,0,0,0,0,0,0,0,0,0,0,0,0,3,0,291,0,0,1,149,0,32,0,0,0,30,0,0,0,0,0,0,0,0,0,0,0,0,18,0,0,0,0,0,0,0,0,0,0,0,0,0,1,0,0,0,0,0,0,0,1,0,0,0,0,0,1,0,0,0,0,2,0,0,0,0,0,0,0,0,0,78,0,0,0,0,2,1,0,0,0,0,0,12,0,31,0,0,0,0,0,0,0,5,8,0,7,0,0,16,0,0,0
3/3/20,0,0,0,0,0,0,0,0,11,0,0,0,0,0,0,0,1,0,0,0,0,0,0,0,0,0,0,1,0,6,0,0,0,47450,0,0,0,0,0,0,0,0,0,0,10,0,0,0,0,1,0,0,0,0,0,0,0,1,12,0,0,0,16,0,0,0,0,0,0,0,0,0,0,0,0,3,0,291,0,0,1,160,0,43,0,0,0,30,0,0,0,0,0,0,0,0,0,0,0,0,22,0,0,0,0,0,1,0,0,0,0,0,0,0,1,0,0,0,0,0,0,0,2,0,0,0,0,0,1,0,0,0,0,2,0,0,0,0,0,0,0,0,0,78,0,0,0,0,2,1,0,0,0,2,0,12,0,31,0,0,0,0,0,0,0,5,8,0,7,0,0,16,0,0,0
3/4/20,0,0,0,0,0,0,0,0,11,0,0,0,0,0,0,0,1,0,0,0,0,0,0,0,0,0,0,1,0,6,0,0,0,50001,0,0,0,0,0,0,0,0,0,0,10,0,0,0,0,1,0,0,0,0,0,0,0,1,12,0,0,0,16,0,0,0,0,0,0,0,0,0,0,0,0,3,0,552,0,0,1,276,0,43,0,0,0,41,0,0,0,0,0,1,0,0,0,0,0,0,22,0,0,0,0,0,1,0,0,0,0,0,0,0,1,0,0,0,0,0,0,0,2,0,0,0,0,0,1,0,0,0,1,2,0,0,0,0,0,0,0,0,0,78,0,0,0,0,2,1,0,0,0,3,0,12,0,31,0,0,0,0,0,0,0,5,8,0,7,0,0,16,0,0,0
3/5/20,0,0,0,0,0,0,0,0,21,0,0,0,0,0,0,0,1,0,0,0,0,0,0,0,0,0,0,1,0,6,0,0,0,52292,0,0,0,0,0,0,0,0,0,0,10,0,0,0,0,1,0,0,0,0,0,0,0,1,12,0,0,0,16,0,0,0,0,0,0,0,0,0,0,0,0,3,0,739,0,0,1,414,0,43,0,0,0,41,0,0,0,0,0,1,0,0,0,0,0,0,22,0,0,0,0,0,1,0,0,0,0,0,0,0,1,0,0,0,0,0,0,0,2,0,0,0,0,0,1,0,0,0,1,2,0,0,0,0,0,0,0,0,0,78,0,0,0,0,2,1,0,0,0,3,0,12,0,31,0,0,0,0,0,0,0,5,8,0,7,0,0,16,0,0,0
3/6/20,0,0,0,0,0,0,0,0,21,0,0,0,4,0,0,0,1,0,0,0,0,0,0,0,0,0,0,1,0,6,0,0,0,53944,0,0,0,0,0,0,0,0,0,1,40,0,0,0,0,1,0,0,0,0,0,0,0,1,12,0,0,0,17,0,0,0,0,0,0,0,0,0,0,0,0,3,0,913,0,0,2,523,0,46,0,0,0,135,0,0,0,0,0,1,0,0,0,0,0,0,22,0,0,0,0,0,1,0,0,0,0,0,0,0,1,0,0,0,0,0,0,0,2,0,0,0,0,0,1,0,0,0,1,2,0,0,0,0,0,0,0,0,0,78,0,0,0,0,2,1,0,0,0,3,0,12,0,31,0,0,0,0,0,0,0,5,8,0,7,0,0,16,0,0,0
3/7/20,0,0,0,0,0,0,0,0,21,0,0,0,4,0,0,0,1,0,0,0,0,0,0,0,0,0,0,1,0,8,0,0,0,55539,0,0,0,0,0,0,0,0,0,1,40,0,0,0,0,1,0,0,0,0,0,0,0,1,12,0,0,0,18,0,0,0,0,0,0,0,0,0,0,0,0,3,0,1669,0,0,2,589,0,76,0,0,0,135,0,0,0,0,0,1,0,0,0,0,0,0,23,0,0,0,0,0,1,0,0,0,0,0,0,0,1,0,0,0,0,0,0,0,2,0,0,0,0,0,1,0,0,0,3,2,0,0,0,0,0,0,0,0,0,78,0,0,0,0,30,1,0,0,0,3,0,12,0,31,0,0,0,0,0,0,0,7,18,0,7,0,0,16,0,0,0
3/8/20,0,0,0,0,0,0,0,0,21,0,0,0,4,0,0,0,1,0,0,0,0,0,0,0,0,0,0,1,0,8,0,0,0,57388,0,0,0,0,0,0,0,0,0,1,40,0,0,0,0,1,0,0,0,0,0,0,0,1,12,0,0,0,18,0,0,0,0,0,0,0,0,0,0,0,0,3,0,2134,0,0,2,622,0,76,0,0,0,118,0,1,0,0,0,1,0,0,0,0,0,0,24,0,0,0,0,0,1,0,0,0,0,0,0,0,1,0,0,0,0,0,0,0,2,1,0,0,0,0,1,0,0,0,3,3,0,0,0,0,0,0,1,0,0,78,0,0,0,0,30,1,0,0,0,3,0,13,0,31,0,0,0,0,0,0,0,7,18,0,7,0,0,16,0,0,0
3/9/20,0,0,0,0,0,0,0,0,21,2,0,0,14,0,0,1,1,0,0,0,0,0,0,0,0,0,0,1,0,8,0,0,0,58804,0,0,0,0,0,0,0,0,0,1,40,0,0,0,0,1,0,0,0,0,0,0,0,1,12,0,0,0,18,0,0,0,0,0,0,0,0,0,0,0,0,3,0,2394,3,0,2,724,0,76,0,0,0,118,0,1,0,0,0,1,0,0,0,0,0,0,24,0,0,0,0,0,1,0,0,0,0,0,0,0,1,0,0,0,0,0,0,1,2,1,0,0,0,0,1,0,0,0,3,3,0,0,0,0,0,0,1,0,0,78,0,0,0,0,32,1,0,0,1,3,0,15,0,31,0,0,0,0,0,0,0,7,18,0,7,0,0,16,0,0,0
3/10/20,0,0,0,0,0,0,0,0,21,4,0,0,22,0,0,3,1,0,0,0,0,0,0,0,0,0,0,1,0,8,0,0,0,60181,0,0,0,0,0,0,0,0,0,1,40,0,0,0,0,1,0,0,0,0,0,0,0,1,12,0,0,0,18,0,0,0,0,0,0,0,0,0,0,0,1,4,2,2731,3,0,4,724,0,101,0,0,0,247,0,1,0,0,1,1,0,0,0,0,0,0,24,0,0,0,0,0,4,0,0,0,0,0,0,0,1,0,0,0,0,0,0,1,9,1,0,0,0,0,2,0,0,0,3,3,0,0,0,0,0,1,1,0,0,78,0,0,0,0,32,1,0,0,1,3,0,17,0,33,0,0,0,0,0,0,0,12,19,0,8,0,0,16,0,0,0
3/11/20,0,0,0,0,0,0,0,0,21,4,3,0,35,0,0,3,1,0,0,0,0,0,0,0,0,0,0,1,0,8,0,0,0,61644,0,0,0,0,0,0,0,0,0,1,325,0,0,0,0,27,0,0,0,0,0,0,0,1,12,0,0,0,25,0,0,0,0,0,0,0,0,0,0,0,1,4,2,2959,15,0,4,1045,0,118,0,0,0,288,0,2,0,0,1,1,0,0,0,0,0,0,26,0,0,0,0,0,4,0,0,0,0,0,0,0,1,0,0,0,0,0,0,1,9,2,0,0,0,0,2,0,0,0,6,3,0,0,0,0,0,1,1,0,0,96,0,0,0,0,183,1,0,0,1,4,0,17,0,34,0,0,0,0,0,0,0,17,19,0,8,0,0,16,0,0,0
3/12/20,0,0,8,1,0,0,0,0,21,4,3,0,35,0,0,3,1,0,0,0,0,0,0,0,0,0,0,1,0,8,0,0,0,62901,0,0,0,0,0,0,0,0,0,1,325,0,0,0,0,27,0,0,0,0,0,0,0,1,12,0,0,0,25,0,0,0,0,0,0,0,0,0,0,0,1,4,2,2959,15,0,4,1045,0,118,0,0,0,333,0,5,0,0,1,1,0,0,0,0,0,0,26,0,0,0,0,0,4,0,0,0,0,0,0,0,1,0,0,0,0,0,0,1,9,2,0,0,0,0,2,0,0,0,6,3,0,0,0,0,0,1,1,0,0,96,0,0,0,0,183,1,0,0,1,4,0,20,0,34,0,0,0,0,0,0,0,17,19,0,12,0,0,16,0,0,0
3/13/20,0,0,8,0,0,0,0,0,23,6,3,0,44,0,0,3,1,0,0,0,0,0,0,0,0,0,0,1,0,8,0,0,0,64196,0,0,0,0,0,1,0,0,0,1,325,0,0,0,0,27,0,0,0,0,0,0,0,1,12,0,0,0,46,0,0,0,0,0,0,0,0,0,0,0,1,4,2,2959,24,0,4,1439,0,118,1,0,0,510,0,5,0,0,1,1,0,0,0,0,0,0,26,0,0,1,0,0,4,0,0,0,0,1,0,0,1,0,0,0,0,0,1,1,9,2,0,0,0,0,2,0,1,0,7,3,0,0,0,0,0,1,1,0,0,97,0,0,0,0,193,1,0,0,1,4,0,20,0,35,0,0,0,0,0,0,0,17,19,0,12,0,0,16,0,0,0
3/14/20,0,0,12,1,0,0,1,0,23,6,3,0,44,0,0,3,1,0,0,0,0,0,0,0,0,0,0,1,0,8,0,0,0,65660,0,0,0,0,0,1,0,0,0,1,325,0,0,0,0,27,0,0,0,0,0,0,0,1,12,0,0,0,46,0,8,0,0,0,0,0,0,0,0,1,1,4,8,2959,26,0,4,1966,0,118,1,0,0,510,0,5,0,0,1,1,0,0,0,0,0,0,35,0,0,1,0,0,4,0,0,0,0,1,0,0,1,2,0,0,0,0,1,1,9,2,0,0,0,0,2,0,2,4,9,8,0,0,0,0,4,1,1,0,0,105,0,0,0,0,517,1,0,0,1,4,0,20,0,35,0,0,0,0,0,0,0,17,19,0,12,0,0,16,0,0,0
3/15/20,0,0,12,1,0,0,1,0,23,6,6,0,60,0,0,3,1,0,0,0,0,0,0,0,0,0,0,1,0,8,0,0,0,67017,0,0,0,0,0,1,0,0,0,1,325,0,0,0,0,21,0,0,0,1,0,0,0,10,12,0,0,0,46,0,8,0,0,0,0,0,0,0,0,1,8,13,8,4590,26,0,4,2335,0,118,1,0,0,510,0,5,0,0,1,1,0,0,0,1,0,0,42,0,0,1,0,0,4,0,0,0,0,1,0,0,1,2,0,0,0,0,1,1,9,2,0,0,0,0,2,0,2,4,9,8,0,0,0,0,4,1,1,0,0,105,0,0,0,0,517,1,0,0,1,4,0,20,0,35,0,0,0,0,0,0,0,23,19,0,12,0,0,16,0,0,0
3/16/20,1,0,12,1,0,0,1,0,23,6,6,0,77,2,0,3,1,0,0,0,0,0,1,0,0,0,0,1,0,9,0,0,0,67910,0,0,0,0,0,2,0,0,3,1,325,0,0,0,0,27,0,0,0,1,0,0,0,10,12,0,0,1,67,0,8,0,0,0,0,0,0,0,0,1,0,13,8,4590,26,0,4,2749,2,144,1,0,0,1137,0,9,0,0,1,1,0,0,0,1,0,0,42,0,0,2,0,0,4,0,0,0,0,1,0,0,1,2,0,0,0,0,1,1,9,2,0,0,0,0,2,13,3,4,9,8,0,0,0,0,4,2,2,1,0,109,0,0,0,0,530,1,0,0,1,4,0,20,0,35,0,0,0,0,0,0,0,23,21,0,17,0,0,16,0,0,0
3/17/20,1,0,12,1,0,0,3,1,23,1,6,0,81,3,0,3,1,0,0,0,0,2,2,0,0,0,0,1,0,9,0,0,0,68798,1,0,0,0,1,4,0,0,3,1,325,0,0,0,0,32,0,0,0,1,0,0,0,10,12,0,0,1,67,0,8,0,0,0,0,0,0,0,0,2,0,14,8,5389,32,5,11,2941,2,144,1,0,0,1407,0,9,0,0,1,3,0,0,0,1,0,0,49,0,0,2,0,0,4,1,0,0,0,1,0,0,1,2,0,0,0,0,1,1,9,2,0,0,0,1,5,13,3,4,16,8,0,0,0,0,4,6,2,1,0,114,0,0,0,0,1028,1,0,0,1,4,0,22,0,41,0,0,0,0,0,0,0,23,53,0,17,0,0,16,0,0,0
3/18/20,1,0,12,1,0,0,3,1,23,9,6,0,88,3,0,5,31,0,0,0,0,2,2,0,0,0,0,1,0,9,0,0,0,69755,1,0,0,0,1,4,0,0,3,1,325,0,0,0,0,32,0,0,0,1,0,0,0,10,12,0,0,1,105,0,8,0,0,0,0,0,0,0,0,2,5,14,11,5389,43,5,11,4025,2,144,1,0,0,1540,0,15,0,0,1,3,0,0,0,1,0,0,60,0,0,2,0,0,4,1,0,0,0,1,0,0,1,2,0,0,0,1,1,1,12,2,0,0,0,1,5,13,3,4,19,8,0,0,0,0,4,6,2,1,0,114,0,0,0,0,1081,1,0,0,1,15,0,22,0,42,0,0,0,0,0,0,0,26,67,0,105,0,0,16,0,0,0
3/19/20,1,0,32,1,0,0,3,1,26,9,6,0,100,3,0,5,31,0,0,0,0,2,2,0,0,0,0,1,0,9,0,0,0,70535,1,0,0,0,1,5,0,0,3,1,325,0,0,0,0,32,0,0,0,1,0,0,0,10,12,0,0,1,113,0,8,0,0,0,0,0,0,0,0,2,5,15,11,5710,43,5,11,4440,2,150,1,0,0,1540,0,18,0,0,1,4,0,0,0,1,0,0,75,0,0,2,0,0,4,1,0,0,0,1,0,0,1,2,0,0,0,1,1,1,12,13,0,0,0,1,8,1,3,4,25,9,0,0,0,0,4,6,2,1,0,114,0,0,0,0,1107,3,0,0,16,15,0,26,0,42,0,0,0,0,0,0,0,31,67,0,121,0,0,16,0,0,0
3/20/20,1,0,32,1,0,0,3,1,26,9,6,0,100,3,0,5,1,0,0,0,0,2,2,1,0,0,0,1,0,9,0,0,6,71266,1,0,0,0,1,5,0,0,4,1,325,0,0,0,0,39,0,0,0,1,0,0,0,10,12,0,0,1,180,0,19,0,0,0,0,0,0,0,0,2,5,20,15,6745,49,5,14,4440,2,191,1,0,0,1540,0,18,0,0,1,4,0,0,0,1,0,0,87,0,0,2,0,0,4,1,0,0,0,1,0,0,1,2,0,0,0,1,1,1,12,13,0,0,0,1,8,1,5,10,25,9,0,0,0,0,4,8,2,1,0,124,0,0,0,0,1588,3,0,0,16,15,0,26,0,42,0,1,0,0,0,0,0,31,67,0,147,0,0,16,17,0,0
3/21/20,1,2,32,1,0,0,3,1,26,9,11,0,125,3,0,15,263,0,0,0,0,2,2,2,3,5,0,1,0,10,0,0,6,71857,1,0,0,2,1,5,0,0,6,1,325,0,0,0,3,41,0,0,0,1,0,0,0,10,12,0,0,1,233,0,19,0,0,0,0,0,0,0,0,7,22,23,15,7635,51,5,36,6072,2,232,1,0,0,1540,0,27,0,0,1,4,0,0,0,1,0,0,114,0,0,2,0,0,4,1,0,0,0,3,0,0,1,2,0,0,0,1,1,1,12,13,0,0,0,1,13,1,5,27,52,12,0,0,0,0,4,16,5,1,0,140,0,0,0,0,2125,1,0,0,16,15,0,28,0,42,0,1,1,0,0,0,1,38,67,0,176,0,0,17,17,0,0
3/22/20,1,2,65,1,0,0,3,2,88,9,10,0,149,3,0,15,263,0,0,0,0,2,2,2,3,5,0,1,0,10,0,0,8,72362,3,0,0,2,1,5,0,3,6,1,325,0,0,0,3,56,0,0,0,2,0,4,0,10,2206,0,0,3,266,0,19,0,0,0,0,0,0,0,0,16,36,27,29,7931,57,5,37,7024,2,235,1,0,0,2909,0,27,0,0,1,8,0,0,0,1,6,0,139,0,0,2,0,0,4,1,1,0,0,3,0,0,1,2,0,0,0,2,1,1,17,5,0,0,0,1,17,1,5,33,64,16,0,0,0,0,4,16,5,1,0,144,7,0,0,0,2575,3,0,0,16,131,0,28,0,44,0,1,1,1,0,0,1,38,67,0,178,0,15,17,17,0,0
3/23/20,1,2,65,1,0,0,3,2,88,9,10,0,149,3,0,15,263,0,0,0,0,2,2,2,3,5,0,1,0,10,0,0,8,72814,3,0,0,2,1,5,0,3,6,1,325,0,0,0,3,56,0,0,0,2,0,4,0,10,2206,0,0,3,266,0,19,0,0,0,0,0,0,0,0,16,36,27,29,7931,57,5,37,7024,2,235,1,0,0,2909,0,27,0,0,1,8,0,0,0,1,6,0,139,0,0,2,0,0,4,1,1,0,0,3,0,0,1,2,0,0,0,2,1,1,17,5,0,0,0,1,17,1,5,33,64,16,0,0,0,0,4,16,5,1,0,144,7,0,0,0,2575,3,0,0,16,131,0,28,0,44,0,1,1,1,0,0,1,38,67,0,178,0,15,17,17,0,0
3/24/20,1,10,24,1,0,0,52,14,115,9,10,1,177,5,0,22,461,0,0,0,0,2,2,2,3,7,0,4,0,110,0,0,17,73280,6,0,0,2,2,5,1,3,10,36,325,0,0,3,3,80,0,0,0,7,0,0,0,10,3250,0,0,9,3243,0,29,0,0,0,0,0,0,0,0,21,51,40,30,8913,75,5,53,8326,2,285,1,0,0,3507,0,39,0,0,1,8,0,0,0,1,6,0,183,5,0,2,0,0,4,2,1,0,0,6,0,2,1,3,12,0,0,2,1,6,17,18,1,0,0,1,20,1,22,41,79,22,0,0,0,0,4,28,8,15,0,156,7,0,0,4,3794,2,0,0,16,131,0,29,0,52,0,1,0,1,0,0,1,45,140,0,348,0,15,17,17,0,0
3/25/20,2,17,65,1,0,0,52,16,119,9,10,1,177,7,0,29,547,0,0,0,0,2,2,2,4,10,0,10,2,183,0,0,22,73773,8,0,0,2,3,22,1,3,10,41,587,0,0,3,3,95,0,0,0,8,0,0,0,10,3907,0,0,10,3547,0,36,0,4,0,0,0,0,0,0,21,56,43,31,9625,103,5,58,9362,2,310,1,0,1,3730,0,43,0,0,1,20,0,0,0,1,6,0,199,8,0,2,0,0,4,2,1,0,0,7,0,2,1,4,22,0,0,2,1,6,17,21,1,0,0,1,26,7,22,41,86,29,0,0,0,0,4,29,9,15,0,160,7,10,0,12,5367,3,0,0,16,131,0,29,0,70,0,1,0,2,26,0,1,52,140,0,361,0,15,17,17,0,0
3/26/20,2,17,29,1,0,0,63,18,172,112,15,1,204,11,0,29,675,0,0,0,0,2,6,5,8,10,0,10,2,184,0,0,22,74181,8,0,0,2,3,22,1,4,10,50,597,0,0,3,3,102,0,0,0,8,0,0,0,10,4955,0,0,11,5673,1,36,0,4,0,0,0,0,0,0,28,82,45,35,10457,105,5,68,10361,2,359,1,2,1,4144,0,49,0,0,1,23,0,0,0,1,6,0,215,8,0,2,0,0,4,2,1,0,0,8,0,2,1,6,27,0,0,2,3,6,23,21,2,0,0,14,28,7,43,43,94,38,0,0,0,0,4,33,9,0,0,172,2,10,0,12,7015,7,0,0,16,131,0,29,0,88,0,1,0,2,26,0,1,52,150,0,681,0,15,20,17,0,0
